{"cameraMode":{"drawMode":0,"name":"Shaded","section":"Shading Mode"},"sceneLighting":false,"audioPlay":false,"sceneViewState":{"m_AlwaysRefresh":false,"showFog":true,"showSkybox":false,"showFlares":true,"showImageEffects":true,"showParticleSystems":true,"showVisualEffectGraphs":true,"m_FxEnabled":true},"in2DMode":false,"pivot":{"x":10.638911247253418,"y":1.1177411079406739,"z":-1.2327351570129395},"rotation":{"x":-0.003140809712931514,"y":0.9632216691970825,"z":-0.2684570252895355,"w":-0.011269396170973778},"size":1.2849736213684083,"orthographic":false}