{"cameraMode":{"drawMode":0,"name":"Shaded","section":"Shading Mode"},"sceneLighting":false,"audioPlay":false,"sceneViewState":{"showFog":true,"showMaterialUpdate":false,"showSkybox":false,"showFlares":true,"showImageEffects":true,"showParticleSystems":true,"showVisualEffectGraphs":true,"m_FxEnabled":true},"in2DMode":false,"pivot":{"x":-2.690000057220459,"y":1.590000033378601,"z":-0.6600000262260437},"rotation":{"x":-0.07989028096199036,"y":0.5047340989112854,"z":-0.04697459936141968,"w":-0.8582975268363953},"size":0.000017344029402011074,"orthographic":false}